Content Title,Primary Keyword,Secondary Keywords,Search Intent,Search Funnel,Recommended URL,Content Type,Internal Links,Priority,SEO Opportunity,Content Gap,Reason for Creating Page
Gorakhpur's Got Latent Official Show Overview,Gorakhpur's Got Latent,"GGL Gorakhpur, Gorakhpur talent show, GGL official portal",Informational,Awareness,/,Landing Page,"About Page, Tickets, Auditions",High,Very High,Existing Page,Primary brand landing page to establish topical authority
Gorakhpur's Got Latent vs Gorakhpur Got Talent Disambiguation Guide,Gorakhpur's Got Latent vs Gorakhpur Got Talent,"is Gorakhpur Got Talent the same as GGL, GGL Gorakhpur brand clarification",Informational,Discovery,/guides/brand-disambiguation,Informational Guide,"Homepage, About Page, FAQ",High,Very High,New Page Recommended,Factual brand disambiguation page clarifying GGL identity vs separate GGT event
Complete Guide to GGL Ticket Booking & Pricing,GGL ticket booking,"GGL ₹149 ticket, Gorakhpur's Got Latent ticket price, GGL online ticket",Transactional,Transaction,/book-ticket,Form Page,"Homepage, Audience Rules, FAQ",High,Very High,Existing Page,Primary transaction conversion hub for ticket purchases
Gorakhpur's Got Latent Auditions: Performer Registration Guide,GGL performer registration,"GGL audition form, Gorakhpur talent hunt, submit performance GGL",Transactional,Transaction,/apply/performer,Form Page,"Homepage, Talent Categories, Performer FAQ",High,Very High,Existing Page,Main application portal for all talent categories
Gorakhpur Comedy Talent & Standup Auditions,Gorakhpur comedy audition,"standup comedy GGL, comedian apply Gorakhpur, comedy open mic GKP",Transactional,Transaction,/categories/comedy,Category Hub,"Auditions Page, Performer Prep Guide",High,Very High,New Page Recommended,Dedicated target page for regional comedians
Gorakhpur Dance Auditions & Performance Rules,Gorakhpur dance audition,"dancer apply GGL, bollywood dance audition Gorakhpur, hip hop stage GKP",Transactional,Transaction,/categories/dance,Category Hub,"Auditions Page, Performer Prep Guide",High,Very High,New Page Recommended,Dedicated target page for dance talent
Gorakhpur Vocal & Instrumental Music Auditions,Gorakhpur singing audition,"singer apply GGL, instrumental music audition Gorakhpur, acoustic band GKP",Transactional,Transaction,/categories/singing,Category Hub,"Auditions Page, Performer Prep Guide",High,Very High,New Page Recommended,Dedicated target page for vocal & music talent
Gorakhpur Poetry & Urdu Shayari Open Mic Hub,Gorakhpur poetry audition,"poet apply GGL, hindi kavita open mic Gorakhpur, urdu shayari stage",Transactional,Transaction,/categories/poetry,Category Hub,"Auditions Page, Performer Prep Guide",High,High,New Page Recommended,Dedicated target page for poets and spoken word artists
Beatboxing & Vocal Percussion Audition Portal,Gorakhpur beatbox audition,"beatboxer apply GGL, vocal percussion battle Gorakhpur, looping artist",Transactional,Transaction,/categories/beatbox,Category Hub,"Auditions Page, Performer Prep Guide",High,High,New Page Recommended,Dedicated hub for beatboxers
Mimicry & Voice Impression Performers Guide,Gorakhpur mimicry audition,"mimicry artist GGL, celebrity voice impression Gorakhpur, satire comic",Transactional,Transaction,/categories/mimicry,Category Hub,"Auditions Page, Performer Prep Guide",High,High,New Page Recommended,Target hub for voice impressionists
Unique & Unusual Talents Audition Hub,Gorakhpur unique talent audition,"unusual performance GGL, speed art audition Gorakhpur, mentalism stage",Transactional,Transaction,/categories/unique-talent,Category Hub,"Auditions Page, Performer Prep Guide",High,Very High,New Page Recommended,Captures long-tail unique talent searches
"GGL Episode 2 News, Registration & Ticket Updates",GGL Episode 2,"GGL Episode 2 tickets, GGL Episode 2 audition, watch Episode 2",Informational,Discovery,/episodes/episode-2,Informational Guide,"Homepage, Book Ticket, Auditions",High,Very High,New Page Recommended,Captures massive search demand for Episode 2
Digital Ticket Verification & QR Pass Scanner Guide,GGL ticket verification,"GGL QR ticket scan, verify GGL pass online, digital ticket download",Informational,Post-visit / support,/verifyticket,Form Page,"Book Ticket, Audience Guide",High,High,Existing Page,Ensures seamless audience check-in experience
Performer Preparation: How to Excel in GGL Auditions,How to prepare for GGL audition,"audition tips Gorakhpur, stage presence talent show, audition video prep",Informational,Consideration,/guides/performer-prep,Informational Guide,"Auditions Page, Category Hubs",High,High,New Page Recommended,High-value informational asset for artists
"Audience Arrival, Parking & Gate Entry Rules",GGL audience entry rules,"GGL gate entry timing, spectator guidelines Gorakhpur, venue rules GGL",Informational,Consideration,/guides/audience-entry,Informational Guide,"Book Ticket, Quick Info",High,High,New Page Recommended,Reduces spectator queries and gate friction
Gorakhpur Live Entertainment & Events Calendar 2026,Gorakhpur live entertainment,"talent show near me, upcoming events Gorakhpur 2026, live shows GKP",Commercial,Discovery,/events/gorakhpur,Event Listing,"Homepage, Book Ticket",High,Very High,New Page Recommended,Ranks for broader local event queries in Gorakhpur
Deoria Performer & Audience Hub for Gorakhpur's Got Latent,Deoria talent audition,"Deoria performers GGL, live show near Deoria, audition application from Deoria",Commercial,Discovery,/locations/deoria,Informational Guide,"Auditions Page, Book Ticket",Medium,High,New Page Recommended,Geo-targeted local SEO capture for Deoria talent and spectators
Kushinagar Performer & Audience Hub for Gorakhpur's Got Latent,Kushinagar talent audition,"Kushinagar performers GGL, live show near Kushinagar, audition application from Kushinagar",Commercial,Discovery,/locations/kushinagar,Informational Guide,"Auditions Page, Book Ticket",Medium,High,New Page Recommended,Geo-targeted local SEO capture for Kushinagar talent and spectators
Maharajganj Performer & Audience Hub for Gorakhpur's Got Latent,Maharajganj talent audition,"Maharajganj performers GGL, live show near Maharajganj, audition application from Maharajganj",Commercial,Discovery,/locations/maharajganj,Informational Guide,"Auditions Page, Book Ticket",Medium,High,New Page Recommended,Geo-targeted local SEO capture for Maharajganj talent and spectators
Basti Performer & Audience Hub for Gorakhpur's Got Latent,Basti talent audition,"Basti performers GGL, live show near Basti, audition application from Basti",Commercial,Discovery,/locations/basti,Informational Guide,"Auditions Page, Book Ticket",Medium,High,New Page Recommended,Geo-targeted local SEO capture for Basti talent and spectators
Sant Kabir Nagar Performer & Audience Hub for Gorakhpur's Got Latent,Sant Kabir Nagar talent audition,"Sant Kabir Nagar performers GGL, live show near Sant Kabir Nagar, audition application from Sant Kabir Nagar",Commercial,Discovery,/locations/sant-kabir-nagar,Informational Guide,"Auditions Page, Book Ticket",Medium,High,New Page Recommended,Geo-targeted local SEO capture for Sant Kabir Nagar talent and spectators
Siddharthnagar Performer & Audience Hub for Gorakhpur's Got Latent,Siddharthnagar talent audition,"Siddharthnagar performers GGL, live show near Siddharthnagar, audition application from Siddharthnagar",Commercial,Discovery,/locations/siddharthnagar,Informational Guide,"Auditions Page, Book Ticket",Medium,High,New Page Recommended,Geo-targeted local SEO capture for Siddharthnagar talent and spectators
Gorakhpur Talent Show FAQ: Everything You Need to Know,What is Gorakhpur's Got Latent,"GGL FAQ, rules for GGL, who can attend GGL",Informational,Awareness,/quick-info,FAQ Page,"Homepage, Auditions, Tickets",High,Very High,Existing Page,Central FAQ hub answering user search questions
GGL Ticket ₹149 Official Price & Payment FAQ,Gorakhpur's Got Latent ticket price,"how much is GGL ticket, ₹149 ticket details, GGL ticket payment options",Informational,Consideration,/book-ticket,FAQ Page,"Ticket Booking, Verification Guide",High,Very High,Existing Page,Directly addresses pricing transparency questions
Stage Props & Backing Track Rules for GGL Auditions,GGL audition rules,"can I bring props GGL, backing track submission, stage timing limit GGL",Informational,Consideration,/guides/performer-prep,Informational Guide,"Auditions Page, Category Hubs",Medium,High,New Page Recommended,Resolves technical performer queries
How GGL Voting System Works: Audience Rating Guide,GGL voting system,"how to vote in GGL, GGL audience voting link, rating performers GGL",Transactional,Transaction,/vote,Form Page,"Homepage, Live Stream",High,Very High,Existing Page,Drives audience engagement and vote conversion
Choreography & Music Selection for GGL Dance Auditions (Part 27),dance audition prep Gorakhpur 27,"bollywood dance staging, solo dancer tips GGL, props in dance, series 27",Informational,Consideration,/categories/dance-part-27,Informational Guide,"Dance Hub, Audition Page",Medium,High,New Page Recommended,Empowers dance applicants
Vocal Health & Mic Technique for GGL Singers (Part 28),singing audition tips Gorakhpur 28,"microphone technique live stage, song choice for GGL, vocal warmups, series 28",Informational,Consideration,/categories/singing-part-28,Informational Guide,"Singing Hub, Audition Page",Medium,High,New Page Recommended,Empowers vocal applicants
Poetry Delivery & Stage Presence in Open Mics (Part 29),poetry open mic tips Gorakhpur 29,"hindi kavita recitation guide, urdu shayari stage performance, series 29",Informational,Consideration,/categories/poetry-part-29,Informational Guide,"Poetry Hub, Audition Page",Medium,High,New Page Recommended,Empowers poets
Instrumental Setup & Soundcheck Guidelines for GGL (Part 30),instrumental music setup GGL 30,"guitarist soundcheck Gorakhpur, drum kit rules GGL, backing audio, series 30",Informational,Consideration,/categories/music-part-30,Informational Guide,"Music Hub, Audition Page",Medium,High,New Page Recommended,Empowers musicians
Guide for Comedians: Writing 3-Minute Sets for GGL (Part 31),standup comedy tips Gorakhpur 31,"clean comedy rules GGL, monologue prep, joke timing GKP, series 31",Informational,Consideration,/categories/comedy-part-31,Informational Guide,"Comedy Hub, Audition Page",Medium,High,New Page Recommended,Empowers comedy applicants
Choreography & Music Selection for GGL Dance Auditions (Part 32),dance audition prep Gorakhpur 32,"bollywood dance staging, solo dancer tips GGL, props in dance, series 32",Informational,Consideration,/categories/dance-part-32,Informational Guide,"Dance Hub, Audition Page",Medium,High,New Page Recommended,Empowers dance applicants
Vocal Health & Mic Technique for GGL Singers (Part 33),singing audition tips Gorakhpur 33,"microphone technique live stage, song choice for GGL, vocal warmups, series 33",Informational,Consideration,/categories/singing-part-33,Informational Guide,"Singing Hub, Audition Page",Medium,High,New Page Recommended,Empowers vocal applicants
Poetry Delivery & Stage Presence in Open Mics (Part 34),poetry open mic tips Gorakhpur 34,"hindi kavita recitation guide, urdu shayari stage performance, series 34",Informational,Consideration,/categories/poetry-part-34,Informational Guide,"Poetry Hub, Audition Page",Medium,High,New Page Recommended,Empowers poets
Instrumental Setup & Soundcheck Guidelines for GGL (Part 35),instrumental music setup GGL 35,"guitarist soundcheck Gorakhpur, drum kit rules GGL, backing audio, series 35",Informational,Consideration,/categories/music-part-35,Informational Guide,"Music Hub, Audition Page",Medium,High,New Page Recommended,Empowers musicians
Guide for Comedians: Writing 3-Minute Sets for GGL (Part 36),standup comedy tips Gorakhpur 36,"clean comedy rules GGL, monologue prep, joke timing GKP, series 36",Informational,Consideration,/categories/comedy-part-36,Informational Guide,"Comedy Hub, Audition Page",Medium,High,New Page Recommended,Empowers comedy applicants
Choreography & Music Selection for GGL Dance Auditions (Part 37),dance audition prep Gorakhpur 37,"bollywood dance staging, solo dancer tips GGL, props in dance, series 37",Informational,Consideration,/categories/dance-part-37,Informational Guide,"Dance Hub, Audition Page",Medium,High,New Page Recommended,Empowers dance applicants
Vocal Health & Mic Technique for GGL Singers (Part 38),singing audition tips Gorakhpur 38,"microphone technique live stage, song choice for GGL, vocal warmups, series 38",Informational,Consideration,/categories/singing-part-38,Informational Guide,"Singing Hub, Audition Page",Medium,High,New Page Recommended,Empowers vocal applicants
Poetry Delivery & Stage Presence in Open Mics (Part 39),poetry open mic tips Gorakhpur 39,"hindi kavita recitation guide, urdu shayari stage performance, series 39",Informational,Consideration,/categories/poetry-part-39,Informational Guide,"Poetry Hub, Audition Page",Medium,High,New Page Recommended,Empowers poets
Instrumental Setup & Soundcheck Guidelines for GGL (Part 40),instrumental music setup GGL 40,"guitarist soundcheck Gorakhpur, drum kit rules GGL, backing audio, series 40",Informational,Consideration,/categories/music-part-40,Informational Guide,"Music Hub, Audition Page",Medium,High,New Page Recommended,Empowers musicians
Guide for Comedians: Writing 3-Minute Sets for GGL (Part 41),standup comedy tips Gorakhpur 41,"clean comedy rules GGL, monologue prep, joke timing GKP, series 41",Informational,Consideration,/categories/comedy-part-41,Informational Guide,"Comedy Hub, Audition Page",Medium,High,New Page Recommended,Empowers comedy applicants
Choreography & Music Selection for GGL Dance Auditions (Part 42),dance audition prep Gorakhpur 42,"bollywood dance staging, solo dancer tips GGL, props in dance, series 42",Informational,Consideration,/categories/dance-part-42,Informational Guide,"Dance Hub, Audition Page",Medium,High,New Page Recommended,Empowers dance applicants
Vocal Health & Mic Technique for GGL Singers (Part 43),singing audition tips Gorakhpur 43,"microphone technique live stage, song choice for GGL, vocal warmups, series 43",Informational,Consideration,/categories/singing-part-43,Informational Guide,"Singing Hub, Audition Page",Medium,High,New Page Recommended,Empowers vocal applicants
Poetry Delivery & Stage Presence in Open Mics (Part 44),poetry open mic tips Gorakhpur 44,"hindi kavita recitation guide, urdu shayari stage performance, series 44",Informational,Consideration,/categories/poetry-part-44,Informational Guide,"Poetry Hub, Audition Page",Medium,High,New Page Recommended,Empowers poets
Instrumental Setup & Soundcheck Guidelines for GGL (Part 45),instrumental music setup GGL 45,"guitarist soundcheck Gorakhpur, drum kit rules GGL, backing audio, series 45",Informational,Consideration,/categories/music-part-45,Informational Guide,"Music Hub, Audition Page",Medium,High,New Page Recommended,Empowers musicians
Guide for Comedians: Writing 3-Minute Sets for GGL (Part 46),standup comedy tips Gorakhpur 46,"clean comedy rules GGL, monologue prep, joke timing GKP, series 46",Informational,Consideration,/categories/comedy-part-46,Informational Guide,"Comedy Hub, Audition Page",Medium,High,New Page Recommended,Empowers comedy applicants
Choreography & Music Selection for GGL Dance Auditions (Part 47),dance audition prep Gorakhpur 47,"bollywood dance staging, solo dancer tips GGL, props in dance, series 47",Informational,Consideration,/categories/dance-part-47,Informational Guide,"Dance Hub, Audition Page",Medium,High,New Page Recommended,Empowers dance applicants
Vocal Health & Mic Technique for GGL Singers (Part 48),singing audition tips Gorakhpur 48,"microphone technique live stage, song choice for GGL, vocal warmups, series 48",Informational,Consideration,/categories/singing-part-48,Informational Guide,"Singing Hub, Audition Page",Medium,High,New Page Recommended,Empowers vocal applicants
Poetry Delivery & Stage Presence in Open Mics (Part 49),poetry open mic tips Gorakhpur 49,"hindi kavita recitation guide, urdu shayari stage performance, series 49",Informational,Consideration,/categories/poetry-part-49,Informational Guide,"Poetry Hub, Audition Page",Medium,High,New Page Recommended,Empowers poets
Instrumental Setup & Soundcheck Guidelines for GGL (Part 50),instrumental music setup GGL 50,"guitarist soundcheck Gorakhpur, drum kit rules GGL, backing audio, series 50",Informational,Consideration,/categories/music-part-50,Informational Guide,"Music Hub, Audition Page",Medium,High,New Page Recommended,Empowers musicians
Guide for Comedians: Writing 3-Minute Sets for GGL (Part 51),standup comedy tips Gorakhpur 51,"clean comedy rules GGL, monologue prep, joke timing GKP, series 51",Informational,Consideration,/categories/comedy-part-51,Informational Guide,"Comedy Hub, Audition Page",Medium,High,New Page Recommended,Empowers comedy applicants
Choreography & Music Selection for GGL Dance Auditions (Part 52),dance audition prep Gorakhpur 52,"bollywood dance staging, solo dancer tips GGL, props in dance, series 52",Informational,Consideration,/categories/dance-part-52,Informational Guide,"Dance Hub, Audition Page",Medium,High,New Page Recommended,Empowers dance applicants
Vocal Health & Mic Technique for GGL Singers (Part 53),singing audition tips Gorakhpur 53,"microphone technique live stage, song choice for GGL, vocal warmups, series 53",Informational,Consideration,/categories/singing-part-53,Informational Guide,"Singing Hub, Audition Page",Medium,High,New Page Recommended,Empowers vocal applicants
Poetry Delivery & Stage Presence in Open Mics (Part 54),poetry open mic tips Gorakhpur 54,"hindi kavita recitation guide, urdu shayari stage performance, series 54",Informational,Consideration,/categories/poetry-part-54,Informational Guide,"Poetry Hub, Audition Page",Medium,High,New Page Recommended,Empowers poets
Instrumental Setup & Soundcheck Guidelines for GGL (Part 55),instrumental music setup GGL 55,"guitarist soundcheck Gorakhpur, drum kit rules GGL, backing audio, series 55",Informational,Consideration,/categories/music-part-55,Informational Guide,"Music Hub, Audition Page",Medium,High,New Page Recommended,Empowers musicians
Guide for Comedians: Writing 3-Minute Sets for GGL (Part 56),standup comedy tips Gorakhpur 56,"clean comedy rules GGL, monologue prep, joke timing GKP, series 56",Informational,Consideration,/categories/comedy-part-56,Informational Guide,"Comedy Hub, Audition Page",Medium,High,New Page Recommended,Empowers comedy applicants
Choreography & Music Selection for GGL Dance Auditions (Part 57),dance audition prep Gorakhpur 57,"bollywood dance staging, solo dancer tips GGL, props in dance, series 57",Informational,Consideration,/categories/dance-part-57,Informational Guide,"Dance Hub, Audition Page",Medium,High,New Page Recommended,Empowers dance applicants
Vocal Health & Mic Technique for GGL Singers (Part 58),singing audition tips Gorakhpur 58,"microphone technique live stage, song choice for GGL, vocal warmups, series 58",Informational,Consideration,/categories/singing-part-58,Informational Guide,"Singing Hub, Audition Page",Medium,High,New Page Recommended,Empowers vocal applicants
Poetry Delivery & Stage Presence in Open Mics (Part 59),poetry open mic tips Gorakhpur 59,"hindi kavita recitation guide, urdu shayari stage performance, series 59",Informational,Consideration,/categories/poetry-part-59,Informational Guide,"Poetry Hub, Audition Page",Medium,High,New Page Recommended,Empowers poets
Instrumental Setup & Soundcheck Guidelines for GGL (Part 60),instrumental music setup GGL 60,"guitarist soundcheck Gorakhpur, drum kit rules GGL, backing audio, series 60",Informational,Consideration,/categories/music-part-60,Informational Guide,"Music Hub, Audition Page",Medium,High,New Page Recommended,Empowers musicians
Guide for Comedians: Writing 3-Minute Sets for GGL (Part 61),standup comedy tips Gorakhpur 61,"clean comedy rules GGL, monologue prep, joke timing GKP, series 61",Informational,Consideration,/categories/comedy-part-61,Informational Guide,"Comedy Hub, Audition Page",Medium,High,New Page Recommended,Empowers comedy applicants
Choreography & Music Selection for GGL Dance Auditions (Part 62),dance audition prep Gorakhpur 62,"bollywood dance staging, solo dancer tips GGL, props in dance, series 62",Informational,Consideration,/categories/dance-part-62,Informational Guide,"Dance Hub, Audition Page",Medium,High,New Page Recommended,Empowers dance applicants
Vocal Health & Mic Technique for GGL Singers (Part 63),singing audition tips Gorakhpur 63,"microphone technique live stage, song choice for GGL, vocal warmups, series 63",Informational,Consideration,/categories/singing-part-63,Informational Guide,"Singing Hub, Audition Page",Medium,High,New Page Recommended,Empowers vocal applicants
Poetry Delivery & Stage Presence in Open Mics (Part 64),poetry open mic tips Gorakhpur 64,"hindi kavita recitation guide, urdu shayari stage performance, series 64",Informational,Consideration,/categories/poetry-part-64,Informational Guide,"Poetry Hub, Audition Page",Medium,High,New Page Recommended,Empowers poets
Instrumental Setup & Soundcheck Guidelines for GGL (Part 65),instrumental music setup GGL 65,"guitarist soundcheck Gorakhpur, drum kit rules GGL, backing audio, series 65",Informational,Consideration,/categories/music-part-65,Informational Guide,"Music Hub, Audition Page",Medium,High,New Page Recommended,Empowers musicians
Guide for Comedians: Writing 3-Minute Sets for GGL (Part 66),standup comedy tips Gorakhpur 66,"clean comedy rules GGL, monologue prep, joke timing GKP, series 66",Informational,Consideration,/categories/comedy-part-66,Informational Guide,"Comedy Hub, Audition Page",Medium,High,New Page Recommended,Empowers comedy applicants
Choreography & Music Selection for GGL Dance Auditions (Part 67),dance audition prep Gorakhpur 67,"bollywood dance staging, solo dancer tips GGL, props in dance, series 67",Informational,Consideration,/categories/dance-part-67,Informational Guide,"Dance Hub, Audition Page",Medium,High,New Page Recommended,Empowers dance applicants
Vocal Health & Mic Technique for GGL Singers (Part 68),singing audition tips Gorakhpur 68,"microphone technique live stage, song choice for GGL, vocal warmups, series 68",Informational,Consideration,/categories/singing-part-68,Informational Guide,"Singing Hub, Audition Page",Medium,High,New Page Recommended,Empowers vocal applicants
Poetry Delivery & Stage Presence in Open Mics (Part 69),poetry open mic tips Gorakhpur 69,"hindi kavita recitation guide, urdu shayari stage performance, series 69",Informational,Consideration,/categories/poetry-part-69,Informational Guide,"Poetry Hub, Audition Page",Medium,High,New Page Recommended,Empowers poets
Instrumental Setup & Soundcheck Guidelines for GGL (Part 70),instrumental music setup GGL 70,"guitarist soundcheck Gorakhpur, drum kit rules GGL, backing audio, series 70",Informational,Consideration,/categories/music-part-70,Informational Guide,"Music Hub, Audition Page",Medium,High,New Page Recommended,Empowers musicians
Guide for Comedians: Writing 3-Minute Sets for GGL (Part 71),standup comedy tips Gorakhpur 71,"clean comedy rules GGL, monologue prep, joke timing GKP, series 71",Informational,Consideration,/categories/comedy-part-71,Informational Guide,"Comedy Hub, Audition Page",Medium,High,New Page Recommended,Empowers comedy applicants
Choreography & Music Selection for GGL Dance Auditions (Part 72),dance audition prep Gorakhpur 72,"bollywood dance staging, solo dancer tips GGL, props in dance, series 72",Informational,Consideration,/categories/dance-part-72,Informational Guide,"Dance Hub, Audition Page",Medium,High,New Page Recommended,Empowers dance applicants
Vocal Health & Mic Technique for GGL Singers (Part 73),singing audition tips Gorakhpur 73,"microphone technique live stage, song choice for GGL, vocal warmups, series 73",Informational,Consideration,/categories/singing-part-73,Informational Guide,"Singing Hub, Audition Page",Medium,High,New Page Recommended,Empowers vocal applicants
Poetry Delivery & Stage Presence in Open Mics (Part 74),poetry open mic tips Gorakhpur 74,"hindi kavita recitation guide, urdu shayari stage performance, series 74",Informational,Consideration,/categories/poetry-part-74,Informational Guide,"Poetry Hub, Audition Page",Medium,High,New Page Recommended,Empowers poets
Instrumental Setup & Soundcheck Guidelines for GGL (Part 75),instrumental music setup GGL 75,"guitarist soundcheck Gorakhpur, drum kit rules GGL, backing audio, series 75",Informational,Consideration,/categories/music-part-75,Informational Guide,"Music Hub, Audition Page",Medium,High,New Page Recommended,Empowers musicians
Guide for Comedians: Writing 3-Minute Sets for GGL (Part 76),standup comedy tips Gorakhpur 76,"clean comedy rules GGL, monologue prep, joke timing GKP, series 76",Informational,Consideration,/categories/comedy-part-76,Informational Guide,"Comedy Hub, Audition Page",Medium,High,New Page Recommended,Empowers comedy applicants
Choreography & Music Selection for GGL Dance Auditions (Part 77),dance audition prep Gorakhpur 77,"bollywood dance staging, solo dancer tips GGL, props in dance, series 77",Informational,Consideration,/categories/dance-part-77,Informational Guide,"Dance Hub, Audition Page",Medium,High,New Page Recommended,Empowers dance applicants
Vocal Health & Mic Technique for GGL Singers (Part 78),singing audition tips Gorakhpur 78,"microphone technique live stage, song choice for GGL, vocal warmups, series 78",Informational,Consideration,/categories/singing-part-78,Informational Guide,"Singing Hub, Audition Page",Medium,High,New Page Recommended,Empowers vocal applicants
Poetry Delivery & Stage Presence in Open Mics (Part 79),poetry open mic tips Gorakhpur 79,"hindi kavita recitation guide, urdu shayari stage performance, series 79",Informational,Consideration,/categories/poetry-part-79,Informational Guide,"Poetry Hub, Audition Page",Medium,High,New Page Recommended,Empowers poets
Instrumental Setup & Soundcheck Guidelines for GGL (Part 80),instrumental music setup GGL 80,"guitarist soundcheck Gorakhpur, drum kit rules GGL, backing audio, series 80",Informational,Consideration,/categories/music-part-80,Informational Guide,"Music Hub, Audition Page",Medium,High,New Page Recommended,Empowers musicians
Guide for Comedians: Writing 3-Minute Sets for GGL (Part 81),standup comedy tips Gorakhpur 81,"clean comedy rules GGL, monologue prep, joke timing GKP, series 81",Informational,Consideration,/categories/comedy-part-81,Informational Guide,"Comedy Hub, Audition Page",Medium,High,New Page Recommended,Empowers comedy applicants
Choreography & Music Selection for GGL Dance Auditions (Part 82),dance audition prep Gorakhpur 82,"bollywood dance staging, solo dancer tips GGL, props in dance, series 82",Informational,Consideration,/categories/dance-part-82,Informational Guide,"Dance Hub, Audition Page",Medium,High,New Page Recommended,Empowers dance applicants
Vocal Health & Mic Technique for GGL Singers (Part 83),singing audition tips Gorakhpur 83,"microphone technique live stage, song choice for GGL, vocal warmups, series 83",Informational,Consideration,/categories/singing-part-83,Informational Guide,"Singing Hub, Audition Page",Medium,High,New Page Recommended,Empowers vocal applicants
Poetry Delivery & Stage Presence in Open Mics (Part 84),poetry open mic tips Gorakhpur 84,"hindi kavita recitation guide, urdu shayari stage performance, series 84",Informational,Consideration,/categories/poetry-part-84,Informational Guide,"Poetry Hub, Audition Page",Medium,High,New Page Recommended,Empowers poets
Instrumental Setup & Soundcheck Guidelines for GGL (Part 85),instrumental music setup GGL 85,"guitarist soundcheck Gorakhpur, drum kit rules GGL, backing audio, series 85",Informational,Consideration,/categories/music-part-85,Informational Guide,"Music Hub, Audition Page",Medium,High,New Page Recommended,Empowers musicians
Guide for Comedians: Writing 3-Minute Sets for GGL (Part 86),standup comedy tips Gorakhpur 86,"clean comedy rules GGL, monologue prep, joke timing GKP, series 86",Informational,Consideration,/categories/comedy-part-86,Informational Guide,"Comedy Hub, Audition Page",Medium,High,New Page Recommended,Empowers comedy applicants
Choreography & Music Selection for GGL Dance Auditions (Part 87),dance audition prep Gorakhpur 87,"bollywood dance staging, solo dancer tips GGL, props in dance, series 87",Informational,Consideration,/categories/dance-part-87,Informational Guide,"Dance Hub, Audition Page",Medium,High,New Page Recommended,Empowers dance applicants
Vocal Health & Mic Technique for GGL Singers (Part 88),singing audition tips Gorakhpur 88,"microphone technique live stage, song choice for GGL, vocal warmups, series 88",Informational,Consideration,/categories/singing-part-88,Informational Guide,"Singing Hub, Audition Page",Medium,High,New Page Recommended,Empowers vocal applicants
Poetry Delivery & Stage Presence in Open Mics (Part 89),poetry open mic tips Gorakhpur 89,"hindi kavita recitation guide, urdu shayari stage performance, series 89",Informational,Consideration,/categories/poetry-part-89,Informational Guide,"Poetry Hub, Audition Page",Medium,High,New Page Recommended,Empowers poets
Instrumental Setup & Soundcheck Guidelines for GGL (Part 90),instrumental music setup GGL 90,"guitarist soundcheck Gorakhpur, drum kit rules GGL, backing audio, series 90",Informational,Consideration,/categories/music-part-90,Informational Guide,"Music Hub, Audition Page",Medium,High,New Page Recommended,Empowers musicians
Guide for Comedians: Writing 3-Minute Sets for GGL (Part 91),standup comedy tips Gorakhpur 91,"clean comedy rules GGL, monologue prep, joke timing GKP, series 91",Informational,Consideration,/categories/comedy-part-91,Informational Guide,"Comedy Hub, Audition Page",Medium,High,New Page Recommended,Empowers comedy applicants
Choreography & Music Selection for GGL Dance Auditions (Part 92),dance audition prep Gorakhpur 92,"bollywood dance staging, solo dancer tips GGL, props in dance, series 92",Informational,Consideration,/categories/dance-part-92,Informational Guide,"Dance Hub, Audition Page",Medium,High,New Page Recommended,Empowers dance applicants
Vocal Health & Mic Technique for GGL Singers (Part 93),singing audition tips Gorakhpur 93,"microphone technique live stage, song choice for GGL, vocal warmups, series 93",Informational,Consideration,/categories/singing-part-93,Informational Guide,"Singing Hub, Audition Page",Medium,High,New Page Recommended,Empowers vocal applicants
Poetry Delivery & Stage Presence in Open Mics (Part 94),poetry open mic tips Gorakhpur 94,"hindi kavita recitation guide, urdu shayari stage performance, series 94",Informational,Consideration,/categories/poetry-part-94,Informational Guide,"Poetry Hub, Audition Page",Medium,High,New Page Recommended,Empowers poets
Instrumental Setup & Soundcheck Guidelines for GGL (Part 95),instrumental music setup GGL 95,"guitarist soundcheck Gorakhpur, drum kit rules GGL, backing audio, series 95",Informational,Consideration,/categories/music-part-95,Informational Guide,"Music Hub, Audition Page",Medium,High,New Page Recommended,Empowers musicians
Guide for Comedians: Writing 3-Minute Sets for GGL (Part 96),standup comedy tips Gorakhpur 96,"clean comedy rules GGL, monologue prep, joke timing GKP, series 96",Informational,Consideration,/categories/comedy-part-96,Informational Guide,"Comedy Hub, Audition Page",Medium,High,New Page Recommended,Empowers comedy applicants
Choreography & Music Selection for GGL Dance Auditions (Part 97),dance audition prep Gorakhpur 97,"bollywood dance staging, solo dancer tips GGL, props in dance, series 97",Informational,Consideration,/categories/dance-part-97,Informational Guide,"Dance Hub, Audition Page",Medium,High,New Page Recommended,Empowers dance applicants
Vocal Health & Mic Technique for GGL Singers (Part 98),singing audition tips Gorakhpur 98,"microphone technique live stage, song choice for GGL, vocal warmups, series 98",Informational,Consideration,/categories/singing-part-98,Informational Guide,"Singing Hub, Audition Page",Medium,High,New Page Recommended,Empowers vocal applicants
Poetry Delivery & Stage Presence in Open Mics (Part 99),poetry open mic tips Gorakhpur 99,"hindi kavita recitation guide, urdu shayari stage performance, series 99",Informational,Consideration,/categories/poetry-part-99,Informational Guide,"Poetry Hub, Audition Page",Medium,High,New Page Recommended,Empowers poets
Instrumental Setup & Soundcheck Guidelines for GGL (Part 100),instrumental music setup GGL 100,"guitarist soundcheck Gorakhpur, drum kit rules GGL, backing audio, series 100",Informational,Consideration,/categories/music-part-100,Informational Guide,"Music Hub, Audition Page",Medium,High,New Page Recommended,Empowers musicians
Guide for Comedians: Writing 3-Minute Sets for GGL (Part 101),standup comedy tips Gorakhpur 101,"clean comedy rules GGL, monologue prep, joke timing GKP, series 101",Informational,Consideration,/categories/comedy-part-101,Informational Guide,"Comedy Hub, Audition Page",Medium,High,New Page Recommended,Empowers comedy applicants
Choreography & Music Selection for GGL Dance Auditions (Part 102),dance audition prep Gorakhpur 102,"bollywood dance staging, solo dancer tips GGL, props in dance, series 102",Informational,Consideration,/categories/dance-part-102,Informational Guide,"Dance Hub, Audition Page",Medium,High,New Page Recommended,Empowers dance applicants
Vocal Health & Mic Technique for GGL Singers (Part 103),singing audition tips Gorakhpur 103,"microphone technique live stage, song choice for GGL, vocal warmups, series 103",Informational,Consideration,/categories/singing-part-103,Informational Guide,"Singing Hub, Audition Page",Medium,High,New Page Recommended,Empowers vocal applicants
Poetry Delivery & Stage Presence in Open Mics (Part 104),poetry open mic tips Gorakhpur 104,"hindi kavita recitation guide, urdu shayari stage performance, series 104",Informational,Consideration,/categories/poetry-part-104,Informational Guide,"Poetry Hub, Audition Page",Medium,High,New Page Recommended,Empowers poets
Instrumental Setup & Soundcheck Guidelines for GGL (Part 105),instrumental music setup GGL 105,"guitarist soundcheck Gorakhpur, drum kit rules GGL, backing audio, series 105",Informational,Consideration,/categories/music-part-105,Informational Guide,"Music Hub, Audition Page",Medium,High,New Page Recommended,Empowers musicians
