Topic Cluster,Primary Keyword,Supporting Keywords,Search Intent,Search Funnel,Recommended Page,Content Type,Internal Links,Priority,SEO Opportunity,Cannibalization Risk,Content Gap,Notes
Brand / GGL,Gorakhpur's Got Latent,"Gorakhpur's Got Latent, Gorakhpur's Got Latent official website, official website for Gorakhpur's Got Latent, Gorakhpur's Got Latent about show, about show for Gorakhpur's Got Latent, Gorakhpur's Got Latent contact details, contact details for Gorakhpur's Got Latent, Gorakhpur's Got Latent founder details, founder details for Gorakhpur's Got Latent, Gorakhpur's Got Latent malik details",Navigational,Navigational,Existing Page,Landing Page,Homepage,High,Very High,Low,Existing Page,Primary brand term
Official GGL Information,Gorakhpur's Got Latent information,"Gorakhpur's Got Latent official website link, Gorakhpur's Got Latent online portal, Gorakhpur's Got Latent login page, Gorakhpur's Got Latent registration link, Gorakhpur's Got Latent customer care email, Gorakhpur's Got Latent organizer details, Gorakhpur's Got Latent event venue info, Gorakhpur's Got Latent show timing, Gorakhpur's Got Latent date and time, Gorakhpur's Got Latent youtube channel",Informational,Awareness,Existing Page,Informational Guide,Quick Info Page,Medium,High,Low,Existing Page,Search volume not verified
GGL Tickets,GGL ticket booking,"GGL ticket, GGL tickets, GGL ticket booking, GGL online ticket, GGL official ticket, GGL ₹149 ticket, Gorakhpur's Got Latent ticket price, Gorakhpur's Got Latent ticket booking, GGL event ticket, GGL audience ticket",Transactional,Conversion,Existing Page,Form Page,Ticket Page,High,Very High,Low,Existing Page,Primary ticket booking keyword
Ticket Booking,GGL ticket booking,"GGL ticket booking online portal, booking online portal for GGL ticket, GGL ticket price 149 INR, price 149 INR for GGL ticket, GGL ticket verification link, verification link for GGL ticket, GGL ticket qr scanner online, qr scanner online for GGL ticket, GGL ticket confirmation email status, confirmation email status for GGL ticket",Transactional,Conversion,Existing Page,Form Page,Ticket Page,High,Very High,Low,Existing Page,Primary booking workflow
GGL Auditions,GGL performer registration,"GGL audition, GGL auditions, GGL performer application, GGL performer registration, Gorakhpur talent audition, Gorakhpur talent hunt, Gorakhpur performer registration, GGL participant apply, GGL talent submission, GGL performer form online",Transactional,Conversion,Existing Page,Form Page,Audition Page,High,Very High,Low,Existing Page,Primary audition keyword
Performer Registration,GGL performer registration,"GGL audition registration online form, registration online form for GGL audition, GGL audition selection process and criteria, selection process and criteria for GGL audition, GGL audition performance duration rules, performance duration rules for GGL audition, GGL audition video submission guidelines, video submission guidelines for GGL audition, GGL audition age limit eligibility, age limit eligibility for GGL audition",Transactional,Conversion,Existing Page,Form Page,Audition Page,High,Very High,Low,Existing Page,Primary performer registration form
Comedy,Gorakhpur comedy audition,"Comedy audition Gorakhpur, GGL Comedy performer application, audition online for standup comedy in Gorakhpur, audition online for standup comedy in Gorakhpur UP, audition online for standup comedy for GGL show, audition online for standup comedy at Gorakhpur's Got Latent, register as performer for standup comedy in Gorakhpur, register as performer for standup comedy in Gorakhpur UP, register as performer for standup comedy for GGL show, register as performer for standup comedy at Gorakhpur's Got Latent",Transactional,Conversion,Future Page,Category Hub,Comedy Events,High,Very High,Low,New Page Recommended,Dedicated Comedy talent audition hub
Dance,Gorakhpur dance audition,"Dance audition Gorakhpur, GGL Dance performer application, audition online for bollywood dance in Gorakhpur, audition online for bollywood dance in Gorakhpur UP, audition online for bollywood dance for GGL show, audition online for bollywood dance at Gorakhpur's Got Latent, register as performer for bollywood dance in Gorakhpur, register as performer for bollywood dance in Gorakhpur UP, register as performer for bollywood dance for GGL show, register as performer for bollywood dance at Gorakhpur's Got Latent",Transactional,Conversion,Future Page,Category Hub,Dance Events,High,Very High,Low,New Page Recommended,Dedicated Dance talent audition hub
Singing,Gorakhpur singing audition,"Singing audition Gorakhpur, GGL Singing performer application, audition online for bollywood singing in Gorakhpur, audition online for bollywood singing in Gorakhpur UP, audition online for bollywood singing for GGL show, audition online for bollywood singing at Gorakhpur's Got Latent, register as performer for bollywood singing in Gorakhpur, register as performer for bollywood singing in Gorakhpur UP, register as performer for bollywood singing for GGL show, register as performer for bollywood singing at Gorakhpur's Got Latent",Transactional,Conversion,Future Page,Category Hub,Music Events,High,Very High,Low,New Page Recommended,Dedicated Singing talent audition hub
Music,Gorakhpur instrumental audition,"Music audition Gorakhpur, GGL Music performer application, audition online for acoustic guitar solo in Gorakhpur, audition online for acoustic guitar solo in Gorakhpur UP, audition online for acoustic guitar solo for GGL show, audition online for acoustic guitar solo at Gorakhpur's Got Latent, register as performer for acoustic guitar solo in Gorakhpur, register as performer for acoustic guitar solo in Gorakhpur UP, register as performer for acoustic guitar solo for GGL show, register as performer for acoustic guitar solo at Gorakhpur's Got Latent",Transactional,Conversion,Future Page,Category Hub,Music Events,High,Very High,Low,New Page Recommended,Dedicated Music talent audition hub
Poetry,Gorakhpur poetry audition,"Poetry audition Gorakhpur, GGL Poetry performer application, audition online for hindi kavita recital in Gorakhpur, audition online for hindi kavita recital in Gorakhpur UP, audition online for hindi kavita recital for GGL show, audition online for hindi kavita recital at Gorakhpur's Got Latent, register as performer for hindi kavita recital in Gorakhpur, register as performer for hindi kavita recital in Gorakhpur UP, register as performer for hindi kavita recital for GGL show, register as performer for hindi kavita recital at Gorakhpur's Got Latent",Transactional,Conversion,Future Page,Category Hub,Talent Events,High,Very High,Low,New Page Recommended,Dedicated Poetry talent audition hub
Beatboxing,Gorakhpur beatbox audition,"Beatboxing audition Gorakhpur, GGL Beatboxing performer application, audition online for solo beatbox battle in Gorakhpur, audition online for solo beatbox battle in Gorakhpur UP, audition online for solo beatbox battle for GGL show, audition online for solo beatbox battle at Gorakhpur's Got Latent, register as performer for solo beatbox battle in Gorakhpur, register as performer for solo beatbox battle in Gorakhpur UP, register as performer for solo beatbox battle for GGL show, register as performer for solo beatbox battle at Gorakhpur's Got Latent",Transactional,Conversion,Future Page,Category Hub,Talent Events,High,Very High,Low,New Page Recommended,Dedicated Beatboxing talent audition hub
Mimicry,Gorakhpur mimicry audition,"Mimicry audition Gorakhpur, GGL Mimicry performer application, audition online for celebrity voice mimicry in Gorakhpur, audition online for celebrity voice mimicry in Gorakhpur UP, audition online for celebrity voice mimicry for GGL show, audition online for celebrity voice mimicry at Gorakhpur's Got Latent, register as performer for celebrity voice mimicry in Gorakhpur, register as performer for celebrity voice mimicry in Gorakhpur UP, register as performer for celebrity voice mimicry for GGL show, register as performer for celebrity voice mimicry at Gorakhpur's Got Latent",Transactional,Conversion,Future Page,Category Hub,Talent Events,High,Very High,Low,New Page Recommended,Dedicated Mimicry talent audition hub
Magic,Gorakhpur magic audition,"Magic audition Gorakhpur, GGL Magic performer application, audition online for stage illusion magic in Gorakhpur, audition online for stage illusion magic in Gorakhpur UP, audition online for stage illusion magic for GGL show, audition online for stage illusion magic at Gorakhpur's Got Latent, register as performer for stage illusion magic in Gorakhpur, register as performer for stage illusion magic in Gorakhpur UP, register as performer for stage illusion magic for GGL show, register as performer for stage illusion magic at Gorakhpur's Got Latent",Transactional,Conversion,Future Page,Category Hub,Talent Events,High,Very High,Low,New Page Recommended,Dedicated Magic talent audition hub
Unique Talent,Gorakhpur unique talent audition,"Unique Talent audition Gorakhpur, GGL Unique Talent performer application, audition online for speed art painting in Gorakhpur, audition online for speed art painting in Gorakhpur UP, audition online for speed art painting for GGL show, audition online for speed art painting at Gorakhpur's Got Latent, register as performer for speed art painting in Gorakhpur, register as performer for speed art painting in Gorakhpur UP, register as performer for speed art painting for GGL show, register as performer for speed art painting at Gorakhpur's Got Latent",Transactional,Conversion,Future Page,Category Hub,Talent Events,High,Very High,Low,New Page Recommended,Dedicated Unique Talent talent audition hub
Gorakhpur Entertainment,Gorakhpur talent show,"talent show in Gorakhpur in 2026, talent show in Gorakhpur this weekend, talent show in Gorakhpur upcoming schedule, talent show in Gorakhpur ticket booking, talent show in Gorakhpur performer registration, live entertainment show in Gorakhpur in 2026, live entertainment show in Gorakhpur this weekend, live entertainment show in Gorakhpur upcoming schedule, live entertainment show in Gorakhpur ticket booking, live entertainment show in Gorakhpur performer registration",Commercial,Consideration,Future Page,Event Listing,Gorakhpur Events,High,High,Low,New Page Recommended,Geo-targeted intent for Gorakhpur
Purvanchal Entertainment,Purvanchal talent show,"talent show in Purvanchal in 2026, talent show in Purvanchal this weekend, talent show in Purvanchal upcoming schedule, talent show in Purvanchal ticket booking, talent show in Purvanchal performer registration, live entertainment show in Purvanchal in 2026, live entertainment show in Purvanchal this weekend, live entertainment show in Purvanchal upcoming schedule, live entertainment show in Purvanchal ticket booking, live entertainment show in Purvanchal performer registration",Commercial,Consideration,Future Page,Event Listing,Purvanchal Entertainment,Medium,High,Low,New Page Recommended,Geo-targeted intent for Purvanchal
Event Discovery,talent show near me,"talent show near me, live entertainment near me, comedy show near me, dance events near me, music events near me, live stage show near me, talent audition near me, performer opportunities near me, open mic near me, Gorakhpur live show near me",Commercial,Consideration,Future Page,Event Listing,Event Discovery,High,Very High,Low,New Page Recommended,Proximity search intent
Episode 2,GGL Episode 2,"GGL Episode 2, GGL Episode 2 audition registration online, GGL Episode 2 ticket booking ₹149, GGL Episode 2 release date announcement, GGL Episode 2 venue and location, GGL Episode 2 performer list and lineup, GGL Episode 2 watch online streaming, GGL Episode 2 youtube full episode, GGL Episode 2 behind the scenes clips, GGL Episode 2 judges panel details",Informational,Awareness,Future Page,Informational Guide,Episode 2,High,Very High,Low,New Page Recommended,Episode 2 primary keyword
Gorakhpur Talent Show,Is Gorakhpur's Got Latent a talent show?,"Is Gorakhpur's Got Latent a talent show?, What happens at Gorakhpur's Got Latent?, What type of show is GGL?, How can I register for a Gorakhpur talent show?, What talent shows are available in Gorakhpur?, Best talent shows in Gorakhpur, submit video entry for GGL comedy competition Gorakhpur UP, submit video entry for GGL comedy competition GKP city, submit video entry for GGL comedy competition Purvanchal UP, submit video entry for GGL comedy competition Eastern Uttar Pradesh",Informational,Awareness,Existing Page,Informational Guide,About Page,High,High,Low,Existing Page,Show format query
Audience Guides,Who can attend GGL?,"Who can attend GGL?, How can I attend Gorakhpur's Got Latent?",Informational,Consideration,Existing Page,Informational Guide,Audience Guide,High,High,Low,Existing Page,Audience eligibility query
GGL QR Tickets,Does GGL provide a digital ticket?,"Does GGL provide a digital ticket?, Does GGL ticket have a QR code?, How do I verify my GGL ticket?, How do I check whether my GGL ticket is valid?, How does GGL ticket verification work?, How do I show my GGL ticket at entry?, How does QR verification work at GGL?",Informational,Consideration,Existing Page,Dashboard Page,Ticket Page,Medium,High,Low,Existing Page,Digital pass question
Audience Entry,What should I show at the GGL entry?,"What should I show at the GGL entry?, How do I enter the GGL event?, What do I need for GGL entry?, How does GGL audience entry work?",Informational,Consideration,Existing Page,Informational Guide,Audience Guide,High,High,Low,Existing Page,Gate entry requirement question
Local Artists,How can local artists apply to GGL?,"How can local artists apply to GGL?, Where can local artists perform in Gorakhpur?",Transactional,Conversion,Existing Page,Form Page,Local Artists,High,High,Low,Existing Page,Local artist application question
GGL Watch / Episodes,Where can I watch GGL Episode 2?,"Where can I watch GGL Episode 2?, Where can I watch Gorakhpur's Got Latent?, Where are GGL episodes published?, Does GGL have an official YouTube channel?, Where can I find GGL videos?",Informational,Awareness,Existing Page,Landing Page,GGL Watch / Episodes,High,High,Low,Existing Page,Answer requires verified GGL information for broadcast platform
Live Entertainment,Where can I find live shows in Gorakhpur?,"Where can I find live shows in Gorakhpur?, Live shows near me in Gorakhpur",Commercial,Consideration,Future Page,Event Listing,Live Entertainment,High,High,Low,New Page Recommended,Live show venue query
Comedy Events,What comedy events are happening in Gorakhpur?,"What comedy events are happening in Gorakhpur?, Comedy show near me in Gorakhpur",Commercial,Consideration,Future Page,Event Listing,Comedy Events,High,High,Low,New Page Recommended,Local comedy event query
Dance Events,What dance events are happening in Gorakhpur?,"What dance events are happening in Gorakhpur?, Dance events near me in Gorakhpur",Commercial,Consideration,Future Page,Event Listing,Dance Events,High,High,Low,New Page Recommended,Local dance event query
Music Events,What music events are happening in Gorakhpur?,"What music events are happening in Gorakhpur?, Music events near me in Gorakhpur",Commercial,Consideration,Future Page,Event Listing,Music Events,High,High,Low,New Page Recommended,Local music event query
Gorakhpur 2026 Events,What are the upcoming entertainment events in Gorakhpur?,What are the upcoming entertainment events in Gorakhpur?,Commercial,Consideration,Future Page,Event Listing,Gorakhpur Events,High,High,Low,New Page Recommended,2026 upcoming events query
Performer Guides,Where can performers find events in Gorakhpur?,"Where can performers find events in Gorakhpur?, How should I prepare for a GGL audition?, What should I perform at a GGL audition?, What makes a good talent-show performance?, what are the entry rules for GGL comedy audition?, what are the entry rules for GGL standup performance?, what are the entry rules for GGL solo dance act?, what are the entry rules for GGL bollywood dance audition?, what are the entry rules for GGL vocal singing competition?, what are the entry rules for GGL acoustic guitar recital?",Commercial,Consideration,Future Page,Informational Guide,Performer Guides,Medium,High,Low,New Page Recommended,Performer event hub query
Local Creators,How can artists from nearby cities apply to GGL?,How can artists from nearby cities apply to GGL?,Transactional,Conversion,Existing Page,Form Page,Local Creators,High,High,Low,Existing Page,Regional applicant query
GGL FAQ,GGL comedy audition,"where can I find rules for GGL comedy audition?, where can I find rules for GGL standup performance?, where can I find rules for GGL solo dance act?, where can I find rules for GGL bollywood dance audition?, where can I find rules for GGL vocal singing competition?, where can I find rules for GGL acoustic guitar recital?, where can I find rules for GGL hindi kavita open mic?, where can I find rules for GGL urdu shayari competition?, where can I find rules for GGL beatbox battle?, where can I find rules for GGL celebrity mimicry act?",Informational,Consideration,Existing Page,FAQ Page,GGL FAQ,High,High,Low,Existing Page,User intent query
